{
    "10N_L": [
        44093.254401000035,
        15973.177552528865,
        204.45196961933553
    ],
    "10N_R": [
        45575.778193770326,
        15896.506787438937,
        248.2872340204235
    ],
    "12N": [
        45596.81648092698,
        16612.458909997637,
        233.3971833652174
    ],
    "3N_L": [
        35002.8076930705,
        14118.89210914293,
        214.4992779796779
    ],
    "3N_R": [
        34649.97550457289,
        14229.651822117934,
        223.29982274028154
    ],
    "4N_L": [
        36216.384832938886,
        14007.844408474732,
        220.0729174965629
    ],
    "4N_R": [
        36216.56200024231,
        14033.64435967045,
        220.0434070387957
    ],
    "5N_L": [
        38367.259061534,
        18357.626154108177,
        153.49013712788425
    ],
    "5N_R": [
        35718.802535713505,
        19776.09420071146,
        303.78268511440757
    ],
    "6N_L": [
        38677.064774664934,
        19223.476855746343,
        244.10319568103571
    ],
    "6N_R": [
        39500.52038999914,
        18616.36959846566,
        199.83681189244186
    ],
    "7N_L": [
        43886.10254129473,
        23789.280306737783,
        151.18067415133706
    ],
    "7N_R": [
        32863.10730208811,
        17681.917034497616,
        208.67120583780246
    ],
    "AP": [
        44826.48763055087,
        16611.5462475307,
        224.08298169498568
    ],
    "Amb_L": [
        43650.85891959822,
        20445.341580387383,
        159.95963830772308
    ],
    "Amb_R": [
        40021.004244918724,
        22744.934240053524,
        301.865091975628
    ],
    "DC_L": [
        41570.37979406954,
        14857.185680585966,
        111.35064061142383
    ],
    "DC_R": [
        41352.182339480896,
        19138.34394727518,
        336.6228431920095
    ],
    "IC": [
        30834.84577791133,
        8059.790057999612,
        230.06002327625865
    ],
    "LC_L": [
        39696.02561332387,
        15220.674346111715,
        169.61015054228596
    ],
    "LC_R": [
        37929.07145019522,
        15784.026015570305,
        260.8584440471019
    ],
    "LRt_L": [
        48795.37402571855,
        23487.95585548402,
        177.35236884985085
    ],
    "LRt_R": [
        43451.98486094672,
        24853.86544347078,
        287.56112441622656
    ],
    "PBG_L": [
        35767.16353606772,
        13600.54160613592,
        128.88614560390138
    ],
    "PBG_R": [
        32704.71342791696,
        16652.164689203655,
        313.3610867643731
    ],
    "Pn_L": [
        34881.912367539124,
        23450.749844394253,
        211.80529483906497
    ],
    "Pn_R": [
        33344.63189329311,
        27043.13660958178,
        280.5569430961986
    ],
    "RtTg": [
        38839.69220072968,
        24809.147041526205,
        216.64205999498685
    ],
    "SNC_L": [
        33932.83809094111,
        19784.858656721928,
        149.3178753112851
    ],
    "SNC_R": [
        31346.238647413462,
        21797.545784136175,
        312.0219098413847
    ],
    "SNR_L": [
        33562.832491474575,
        18873.11517235175,
        164.31186510853914
    ],
    "SNR_R": [
        34315.42659399517,
        24746.853386893446,
        309.6665052148994
    ],
    "Sp5C_L": [
        44609.46497491682,
        19052.852449104328,
        307.68100037189356
    ],
    "Sp5C_R": [
        48802.897878830176,
        14619.985150674609,
        288.0671748808717
    ],
    "Sp5I_L": [
        47532.890649811845,
        17139.47945257847,
        152.01776498544996
    ],
    "Sp5I_R": [
        44581.744157142144,
        18689.141564954356,
        321.15953057430556
    ],
    "Tz_L": [
        36247.90017955668,
        25857.196673754184,
        184.3816754823321
    ],
    "Tz_R": [
        37872.64644930223,
        26377.49373602331,
        244.67493407485736
    ],
    "VCA_L": [
        41163.17733628641,
        16255.39437479264,
        97.5417091746003
    ],
    "VCA_R": [
        32639.512401072006,
        16236.884446115455,
        355.03918035436095
    ],
    "VCP_L": [
        43933.46102847811,
        18480.32971178551,
        90.92051206416025
    ],
    "VCP_R": [
        36798.13692772378,
        21247.601755387423,
        355.7590342459445
    ],
    "VLL_L": [
        36361.53007023517,
        18855.53187098598,
        144.18317368618804
    ],
    "VLL_R": [
        31897.323467421622,
        22514.854744879976,
        312.39546879621537
    ]
}