{
    "10N_L": [
        40002.18298326096,
        15076.653601272934,
        194.58982705913394
    ],
    "10N_R": [
        41991.01611303242,
        15746.54931129375,
        236.43629861841964
    ],
    "12N": [
        41712.68324974254,
        16154.365685035176,
        221.60883034198892
    ],
    "3N_L": [
        32356.101733199,
        13254.526332954985,
        208.31522684656164
    ],
    "3N_R": [
        32173.529838673847,
        13478.795438916142,
        216.83687348352095
    ],
    "4N_L": [
        33517.05697050881,
        13285.39573710083,
        213.38274613618213
    ],
    "4N_R": [
        33514.40518859223,
        13308.006564427602,
        213.33742954593117
    ],
    "5N_L": [
        33971.48998674035,
        16208.395047216005,
        145.69092459573088
    ],
    "5N_R": [
        33857.906932011676,
        19734.909162884825,
        290.4770256300109
    ],
    "6N_L": [
        35573.870846444275,
        18411.52210130578,
        232.38334672379466
    ],
    "6N_R": [
        35662.60519343471,
        17205.115614155242,
        189.84865887001723
    ],
    "7N_L": [
        38280.52702182399,
        21223.621270517513,
        138.20615675842055
    ],
    "7N_R": [
        30064.930868949017,
        16273.148988382289,
        201.04137493700492
    ],
    "AP": [
        40892.40241240223,
        15980.53853581741,
        212.87023055637454
    ],
    "Amb_L": [
        38515.145795702,
        18363.04674475367,
        148.92164270249106
    ],
    "Amb_R": [
        37330.347935805155,
        22511.360094042102,
        285.3538520062576
    ],
    "DC_L": [
        36443.28987634383,
        12532.66816768988,
        106.35091480929968
    ],
    "DC_R": [
        39366.52872850249,
        19877.9266900719,
        320.79680551024575
    ],
    "IC": [
        29494.84514105974,
        7933.491718342803,
        228.56269514240398
    ],
    "LC_L": [
        35672.895967585166,
        13703.082662531866,
        162.86136476103454
    ],
    "LC_R": [
        35491.64234028706,
        15572.243949979587,
        251.010096301193
    ],
    "LRt_L": [
        43019.85129263105,
        21537.44793304765,
        162.1036684491208
    ],
    "LRt_R": [
        39924.42823061432,
        24294.353365279963,
        269.12162150562074
    ],
    "PBG_L": [
        31741.769498213762,
        11478.322646986684,
        125.88185709774164
    ],
    "PBG_R": [
        31648.254096403223,
        16985.2519630547,
        302.6852851664831
    ],
    "Pn_L": [
        31358.881865333016,
        21551.216315556012,
        199.67467800079334
    ],
    "Pn_R": [
        30753.400888743283,
        25784.540207674097,
        264.0906953126129
    ],
    "RtTg": [
        34780.94530565921,
        22981.374677056338,
        202.2195868241759
    ],
    "SNC_L": [
        29888.287500727478,
        17262.262150956092,
        142.11979655897218
    ],
    "SNC_R": [
        29967.930223531606,
        21516.459087548803,
        298.46437582231977
    ],
    "SNR_L": [
        29880.057736736955,
        16668.68202459499,
        157.28373802784472
    ],
    "SNR_R": [
        32266.459918494,
        24221.44466043978,
        293.3470347012811
    ],
    "Sp5C_L": [
        41780.31760927814,
        19463.780712951244,
        291.93741598446866
    ],
    "Sp5C_R": [
        45555.74928350902,
        15341.966156990395,
        274.61187740685654
    ],
    "Sp5I_L": [
        42096.51128108523,
        15420.475032022778,
        142.21071233654175
    ],
    "Sp5I_R": [
        41998.77604617947,
        19348.5587258476,
        305.17668697952337
    ],
    "Tz_L": [
        31911.074735083286,
        23321.843477944014,
        171.2440522169344
    ],
    "Tz_R": [
        34226.29852745853,
        24788.04834505584,
        228.5231107996602
    ],
    "VCA_L": [
        35744.17012371372,
        13552.225960573725,
        92.25445115440623
    ],
    "VCA_R": [
        32277.19667805312,
        17263.91027820845,
        343.1548849679481
    ],
    "VCP_L": [
        37867.8566883172,
        15535.794719071682,
        83.55877264042827
    ],
    "VCP_R": [
        35478.931976921034,
        21902.093288781136,
        339.2883934823593
    ],
    "VLL_L": [
        32022.63936917802,
        16436.95049198948,
        137.01900912397144
    ],
    "VLL_R": [
        30391.68714785882,
        22183.10632322856,
        298.1854242536243
    ]
}