{
    "mov_spacing": [
        256.03151157065486,
        256.0,
        2.0
    ],
    "fix_spacing": [
        256.07587433313574,
        256.0,
        2.0
    ],
    "box_size": [
        254,
        141,
        243
    ],
    "affine_matrix": [
        [
            0.8543493747711182,
            0.07025843858718872,
            0.0028128998819738626
        ],
        [
            -0.09202487766742706,
            0.8917624950408936,
            -0.12031190097332001
        ],
        [
            -0.0044576446525752544,
            0.4125683307647705,
            0.9549351334571838
        ],
        [
            -0.11024477332830429,
            -0.08599454164505005,
            -0.11297488212585449
        ]
    ],
    "affine_matrix_inv": [
        [
            1.1612566709518433,
            -0.08495631814002991,
            -0.01412426307797432
        ],
        [
            0.11392595618963242,
            1.0512771606445312,
            0.13211441040039062
        ],
        [
            -0.043799594044685364,
            -0.4545883238315582,
            0.9900471568107605
        ],
        [
            0.13287124037742615,
            0.029681049287319183,
            0.1216544508934021
        ]
    ]
}