{
    "10N_L": [
        51761.37316389317,
        17765.4141994648,
        242.57144712427993
    ],
    "10N_R": [
        53933.068533390724,
        15320.888537271421,
        283.40614789168325
    ],
    "12N": [
        53963.255271542745,
        16828.798462503248,
        271.30272397083013
    ],
    "3N_L": [
        40673.618715273486,
        15576.113972459661,
        250.62080328183427
    ],
    "3N_R": [
        40363.54719861246,
        15225.474823321521,
        259.4575498954047
    ],
    "4N_L": [
        42145.94316977684,
        15141.827791551787,
        255.08766022546058
    ],
    "4N_R": [
        42151.28068753789,
        15169.160997728544,
        255.13390905330348
    ],
    "5N_L": [
        44964.72484889983,
        22986.624170762298,
        203.40715549965014
    ],
    "5N_R": [
        43581.02992378255,
        16452.651535259556,
        351.5269109064351
    ],
    "6N_L": [
        46397.11790941164,
        19016.358332525244,
        291.93515397230567
    ],
    "6N_R": [
        46816.46891383072,
        20750.836423294306,
        247.74456259609906
    ],
    "7N_L": [
        52636.738284967534,
        28413.812794248828,
        214.53901592137086
    ],
    "7N_R": [
        38823.34374094639,
        19491.361622464017,
        256.25591178109795
    ],
    "AP": [
        52957.42825794466,
        17340.94327134303,
        262.7689077861906
    ],
    "Amb_L": [
        51741.08255893386,
        24611.795010285667,
        213.34518664167692
    ],
    "Amb_R": [
        49295.02240210521,
        19425.99033096146,
        356.44492960555357
    ],
    "DC_L": [
        47623.84125856006,
        21666.620626752323,
        151.89145691166044
    ],
    "DC_R": [
        50457.72037108103,
        13943.352501381094,
        378.53468863368033
    ],
    "IC": [
        34603.420362320445,
        8786.865640065225,
        249.70947480072653
    ],
    "LC_L": [
        46041.556395767,
        18966.120297516234,
        209.12962730228557
    ],
    "LC_R": [
        44950.1413492706,
        14705.111208698861,
        298.26716732105035
    ],
    "LRt_L": [
        58659.06730232728,
        26611.55510025749,
        236.48182840525854
    ],
    "LRt_R": [
        53673.15667396782,
        22219.545305305313,
        347.4738863078698
    ],
    "PBG_L": [
        40638.615554073695,
        19603.6170288565,
        167.39509993881595
    ],
    "PBG_R": [
        39438.97539510979,
        12888.211328502795,
        352.9019284326148
    ],
    "Pn_L": [
        42462.24901353995,
        25041.374569766296,
        275.01523187775103
    ],
    "Pn_R": [
        42060.15185227768,
        24998.959319961716,
        351.39711402385086
    ],
    "RtTg": [
        47494.999834939874,
        26054.072722300705,
        281.8582966700152
    ],
    "SNC_L": [
        39956.968274512365,
        24730.707275350145,
        205.42873439838317
    ],
    "SNC_R": [
        38892.35666120777,
        18127.465692919737,
        367.0374535137549
    ],
    "SNR_L": [
        39472.24470117991,
        23029.329093138378,
        217.21397534938072
    ],
    "SNR_R": [
        43014.8004552741,
        21133.63273020213,
        372.0461894686631
    ],
    "Sp5C_L": [
        54026.420399914925,
        15329.226683371564,
        349.39130473963996
    ],
    "Sp5C_R": [
        57885.456935004506,
        11856.27492593736,
        316.1880948274191
    ],
    "Sp5I_L": [
        55580.504066351146,
        21649.158134448142,
        194.62156407592778
    ],
    "Sp5I_R": [
        54048.470477958894,
        14248.432173103027,
        361.17091870860577
    ],
    "Tz_L": [
        44322.47767488934,
        28876.033557786493,
        255.29937078510824
    ],
    "Tz_R": [
        46948.70114898299,
        26147.622714022644,
        313.4447590599453
    ],
    "VCA_L": [
        47299.13389015198,
        23807.565687700608,
        142.9640675617644
    ],
    "VCA_R": [
        39680.40190765196,
        10254.159273159012,
        391.3632303031703
    ],
    "VCP_L": [
        50991.765570517586,
        26321.97679315303,
        141.91212249027984
    ],
    "VCP_R": [
        45678.08977856373,
        15129.172033639356,
        404.7368409081509
    ],
    "VLL_L": [
        42596.40303965388,
        24023.400669450682,
        196.8404706599567
    ],
    "VLL_R": [
        39701.044535026645,
        18811.896923268403,
        369.22787149294265
    ]
}