{
    "mov_spacing": [
        256.03151157065486,
        256.0,
        2.0
    ],
    "fix_spacing": [
        256.1101549053356,
        256.0,
        2.0
    ],
    "box_size": [
        254,
        141,
        243
    ],
    "affine_matrix": [
        [
            0.9883044362068176,
            -0.07524776458740234,
            -0.04311400279402733
        ],
        [
            0.06783539056777954,
            0.9105352759361267,
            -0.11079653352499008
        ],
        [
            0.262312650680542,
            0.29994046688079834,
            0.9834322929382324
        ],
        [
            -0.012743258848786354,
            -0.0681135281920433,
            -0.06267093867063522
        ]
    ],
    "affine_matrix_inv": [
        [
            0.9938297867774963,
            0.06535350531339645,
            0.050932761281728745
        ],
        [
            -0.10249350965023041,
            1.0522147417068481,
            0.1140524223446846
        ],
        [
            -0.23382613062858582,
            -0.3383505046367645,
            0.9684761762619019
        ],
        [
            -0.008970668539404869,
            0.05129813030362129,
            0.0691128745675087
        ]
    ]
}