{
    "10N_L": [
        43783.137038257446,
        14707.005968948259,
        198.6545827177673
    ],
    "10N_R": [
        47400.257411529325,
        14803.038422159407,
        241.4807871072157
    ],
    "12N": [
        46813.371345910695,
        15387.994755645483,
        226.32817196153263
    ],
    "3N_L": [
        34898.797671167296,
        13385.945096413428,
        215.59797490861467
    ],
    "3N_R": [
        34998.61034470444,
        13546.124176489257,
        224.5977281077981
    ],
    "4N_L": [
        36362.6408768242,
        13266.173266040556,
        220.3754876627178
    ],
    "4N_R": [
        36365.81944195829,
        13289.847183214895,
        220.33670150919326
    ],
    "5N_L": [
        35985.87170125798,
        16865.44134928701,
        150.79843796252254
    ],
    "5N_R": [
        40973.81462444325,
        19037.426397710064,
        302.34236039045703
    ],
    "6N_L": [
        40894.759895942116,
        18113.33008180517,
        240.85312058959298
    ],
    "6N_R": [
        39436.209615199296,
        17297.112933912224,
        196.25563286429693
    ],
    "7N_L": [
        42308.706887943736,
        21663.874734736917,
        142.7709032701482
    ],
    "7N_R": [
        33095.2559683052,
        16727.574796876608,
        209.9755621457334
    ],
    "AP": [
        45588.14061243824,
        15368.763234120517,
        217.54711155671765
    ],
    "Amb_L": [
        41928.55035677215,
        18628.583587026726,
        152.89576524719328
    ],
    "Amb_R": [
        45678.67456096821,
        21608.650575811644,
        296.41688728811243
    ],
    "DC_L": [
        36503.72076515508,
        13298.387253202272,
        107.72103802203401
    ],
    "DC_R": [
        48090.05958352479,
        18403.865419648257,
        331.5274445447348
    ],
    "IC": [
        30464.634421868977,
        8024.572518604943,
        236.16664056721973
    ],
    "LC_L": [
        37560.42401307144,
        13999.967275364876,
        167.11387925378577
    ],
    "LC_R": [
        40378.993953752375,
        15049.504876390858,
        259.33690658165256
    ],
    "LRt_L": [
        48433.93615937346,
        21334.358709352073,
        165.6679670727933
    ],
    "LRt_R": [
        48758.65947022315,
        23355.419649798576,
        279.01393510310146
    ],
    "PBG_L": [
        31365.774318070904,
        12444.139169073165,
        129.6801381084904
    ],
    "PBG_R": [
        37901.9866196957,
        16313.547398747014,
        315.09611068515386
    ],
    "Pn_L": [
        36256.13749882587,
        21996.236070243267,
        209.67262232779018
    ],
    "Pn_R": [
        38721.18539207218,
        25720.81032588352,
        278.1745709275879
    ],
    "RtTg": [
        40671.7063853792,
        23127.142708136133,
        211.3073247944456
    ],
    "SNC_L": [
        31608.64236706904,
        18328.73370822037,
        149.16551760773726
    ],
    "SNC_R": [
        37370.38430975038,
        21110.227888683497,
        312.8621260969041
    ],
    "SNR_L": [
        31819.133481348534,
        17576.539106605553,
        164.73119149340584
    ],
    "SNR_R": [
        40722.12674227206,
        23711.146947649773,
        307.4212112151221
    ],
    "Sp5C_L": [
        49899.34691009505,
        18055.982525415842,
        300.39167685554685
    ],
    "Sp5C_R": [
        52349.513745223616,
        13704.862867710033,
        279.4818258694751
    ],
    "Sp5I_L": [
        44836.19635864828,
        15389.32067344283,
        143.46636215605852
    ],
    "Sp5I_R": [
        50471.018329058636,
        17789.464712643112,
        314.01280482018524
    ],
    "Tz_L": [
        36685.43388722464,
        24028.631013787635,
        180.46764402260598
    ],
    "Tz_R": [
        41355.66454174259,
        24754.2307323324,
        239.43518811473544
    ],
    "VCA_L": [
        35660.947086040214,
        14535.048730088025,
        93.70071976505416
    ],
    "VCA_R": [
        39812.54036453722,
        16143.880319108199,
        356.94902073479864
    ],
    "VCP_L": [
        38479.98309037841,
        16452.70746200399,
        84.38973208673954
    ],
    "VCP_R": [
        44856.192416244754,
        20619.85991695708,
        353.0330108930069
    ],
    "VLL_L": [
        33616.084706528934,
        17353.28249593226,
        142.69561286495681
    ],
    "VLL_R": [
        38061.610570550445,
        21754.0170958528,
        312.6023017889128
    ]
}