{
    "mov_spacing": [
        256.03151157065486,
        256.0,
        2.0
    ],
    "fix_spacing": [
        256.0,
        256.0,
        2.0
    ],
    "box_size": [
        254,
        141,
        243
    ],
    "affine_matrix": [
        [
            0.97653728723526,
            -0.013511295430362225,
            0.046256549656391144
        ],
        [
            0.003782645333558321,
            0.9923058152198792,
            -0.08429957926273346
        ],
        [
            -0.12080224603414536,
            0.24348223209381104,
            0.9791710376739502
        ],
        [
            -0.044313352555036545,
            -0.02388346754014492,
            -0.07316787540912628
        ]
    ],
    "affine_matrix_inv": [
        [
            1.0182462930679321,
            0.025136420503258705,
            -0.04593842104077339
        ],
        [
            0.006650072056800127,
            0.9870700240135193,
            0.08466546982526779
        ],
        [
            0.1239694207906723,
            -0.24234527349472046,
            0.9945514798164368
        ],
        [
            0.054351311177015305,
            0.006956644356250763,
            0.07275564223527908
        ]
    ]
}