{
    "10N_L": [
        40149.78949008348,
        15220.066252245151,
        191.7633927479435
    ],
    "10N_R": [
        42174.748417473886,
        15872.226664260332,
        234.23979549380567
    ],
    "12N": [
        41835.99582137157,
        16304.243193785509,
        219.28674828292108
    ],
    "3N_L": [
        32710.7248459307,
        13295.16223440137,
        205.53943727603792
    ],
    "3N_R": [
        32533.156659899934,
        13514.51871885656,
        214.21687103369052
    ],
    "4N_L": [
        33873.66410514334,
        13328.011561247073,
        210.6546474089927
    ],
    "4N_R": [
        33869.35266958083,
        13351.197386118136,
        210.61253024419057
    ],
    "5N_L": [
        33967.387776484626,
        16396.891618344238,
        142.5275537378075
    ],
    "5N_R": [
        33939.4524072889,
        19850.454958855105,
        289.8476566656415
    ],
    "6N_L": [
        35603.99086956318,
        18568.208558389793,
        230.71565499624046
    ],
    "6N_R": [
        35679.06608646261,
        17379.47457893622,
        187.40705586541148
    ],
    "7N_L": [
        37882.823517366785,
        21565.249987175215,
        135.67912990709277
    ],
    "7N_R": [
        30207.587311293108,
        16380.650856602231,
        198.71891285843682
    ],
    "AP": [
        41013.12339686267,
        16130.961015732977,
        210.41988991789526
    ],
    "Amb_L": [
        38339.42217252856,
        18625.953200893222,
        146.05905117779457
    ],
    "Amb_R": [
        37184.80459829219,
        22719.03805073373,
        285.03966574492074
    ],
    "DC_L": [
        36589.38161577495,
        12690.069478252602,
        101.99454844065973
    ],
    "DC_R": [
        39472.04314590779,
        19995.99229957327,
        320.4775149401993
    ],
    "IC": [
        30284.198691594764,
        7808.2476042346625,
        225.23955333792097
    ],
    "LC_L": [
        35871.39489666387,
        13822.87302239287,
        159.47584508403452
    ],
    "LC_R": [
        35762.33535545149,
        15640.319057209184,
        249.1237112173929
    ],
    "LRt_L": [
        42624.50354228174,
        21888.18026812749,
        159.84564344531654
    ],
    "LRt_R": [
        39601.19773464707,
        24577.315598450205,
        268.827821819106
    ],
    "PBG_L": [
        32035.859321412314,
        11562.103579424609,
        121.71670728388213
    ],
    "PBG_R": [
        31963.106978133317,
        17008.9540808229,
        301.8126316259758
    ],
    "Pn_L": [
        31122.897610409662,
        21794.052481909952,
        198.18079068901682
    ],
    "Pn_R": [
        30373.688467818567,
        26055.490661557076,
        264.17833461220687
    ],
    "RtTg": [
        34429.36129745483,
        23275.520484348985,
        200.92178476920697
    ],
    "SNC_L": [
        29828.83783803252,
        17456.197791385694,
        139.17310752105917
    ],
    "SNC_R": [
        29968.62806450985,
        21643.4732901137,
        298.3235288066671
    ],
    "SNR_L": [
        29896.5542456525,
        16831.945855258433,
        154.44264927381053
    ],
    "SNR_R": [
        32052.56602625721,
        24432.072695720668,
        293.5354402865461
    ],
    "Sp5C_L": [
        41833.36793219864,
        19617.15375757877,
        291.1082904302133
    ],
    "Sp5C_R": [
        45831.91112729609,
        15437.288370527245,
        272.7830403241542
    ],
    "Sp5I_L": [
        42087.30471014357,
        15640.948328873475,
        138.69098336662032
    ],
    "Sp5I_R": [
        42088.64766174088,
        19486.108606413713,
        304.50163662319613
    ],
    "Tz_L": [
        31483.501211737082,
        23641.041804615987,
        169.64945301136638
    ],
    "Tz_R": [
        33812.561399598686,
        25093.761753765997,
        227.89081932602573
    ],
    "VCA_L": [
        35791.63767413968,
        13745.243586817633,
        87.89306334939498
    ],
    "VCA_R": [
        32660.957610243913,
        17254.12251655215,
        342.8586988163835
    ],
    "VCP_L": [
        37743.88375544234,
        15798.0155380733,
        79.36272120448156
    ],
    "VCP_R": [
        35510.6652253905,
        22026.079473391597,
        339.6390382716368
    ],
    "VLL_L": [
        31995.321401362315,
        16629.014579341416,
        133.81986340299147
    ],
    "VLL_R": [
        30342.652456564938,
        22328.837243681777,
        298.1420696295675
    ]
}