{
    "10N_L": [
        42173.21752956195,
        16428.501864094553,
        195.4528572725515
    ],
    "10N_R": [
        43815.91994206856,
        16304.38545596473,
        238.4311073013331
    ],
    "12N": [
        43566.98255568638,
        17088.194826453306,
        223.4909700114725
    ],
    "3N_L": [
        34305.811656021186,
        13796.52544964585,
        207.81728122226707
    ],
    "3N_R": [
        34002.62197422295,
        13848.77393440908,
        216.5325171071174
    ],
    "4N_L": [
        35487.38836807131,
        13758.148397519602,
        213.1118376930899
    ],
    "4N_R": [
        35480.81554516888,
        13784.4701621878,
        213.07384758243157
    ],
    "5N_L": [
        35982.00485606977,
        18590.163298005507,
        145.50068977962889
    ],
    "5N_R": [
        34044.257753283666,
        19266.53126000909,
        293.82365985623983
    ],
    "6N_L": [
        36572.249280848446,
        19158.05362304557,
        234.54166572311988
    ],
    "6N_R": [
        37231.247047149605,
        18769.99331554312,
        190.91158445739367
    ],
    "7N_L": [
        39684.48185647444,
        24546.45074836965,
        140.25846363111688
    ],
    "7N_R": [
        31388.76567148639,
        17268.639628829344,
        201.2740469904282
    ],
    "AP": [
        42801.70784318961,
        17061.44386897745,
        214.4557402462432
    ],
    "Amb_L": [
        40368.96022825793,
        21099.908729427494,
        150.1125464972356
    ],
    "Amb_R": [
        37251.860126902226,
        22625.230209909612,
        290.05495197581513
    ],
    "DC_L": [
        39587.87349777777,
        15442.526483646396,
        104.48483126260466
    ],
    "DC_R": [
        39600.53189688889,
        18938.420953607492,
        325.31690484948365
    ],
    "IC": [
        32087.59713464314,
        7259.79806165466,
        226.07837656917607
    ],
    "LC_L": [
        38101.071315775895,
        15449.08774462526,
        162.2140851784879
    ],
    "LC_R": [
        36853.534555208586,
        15544.831495489543,
        252.40038790134741
    ],
    "LRt_L": [
        44447.64227052769,
        24527.96072108567,
        165.20197156673444
    ],
    "LRt_R": [
        39801.80910316987,
        25088.387226281506,
        274.5344502507081
    ],
    "PBG_L": [
        34648.34288417478,
        13647.099039080513,
        123.37558277317285
    ],
    "PBG_R": [
        32110.372357636526,
        15822.83936024185,
        304.9463374466155
    ],
    "Pn_L": [
        31803.724738229837,
        23273.083864517914,
        201.98629197630538
    ],
    "Pn_R": [
        29867.314546625355,
        26545.969537693403,
        268.89354725096604
    ],
    "RtTg": [
        35142.08485950212,
        24944.470743576076,
        205.50206744068592
    ],
    "SNC_L": [
        31498.285023767967,
        19707.663370117425,
        141.7813556970149
    ],
    "SNC_R": [
        29538.288222262818,
        20946.307927296504,
        302.1336442636777
    ],
    "SNR_L": [
        31475.285958361637,
        18697.32653078307,
        156.96084863129795
    ],
    "SNR_R": [
        31516.935585321862,
        24182.412391287886,
        298.2060303755455
    ],
    "Sp5C_L": [
        42463.75880859945,
        19213.860475535796,
        296.1411144891124
    ],
    "Sp5C_R": [
        47352.09436959533,
        15113.509032940277,
        277.4708436600629
    ],
    "Sp5I_L": [
        44750.377110061585,
        18076.363193322464,
        142.63400391493715
    ],
    "Sp5I_R": [
        42608.71416142092,
        18792.439437919136,
        309.5692868240155
    ],
    "Tz_L": [
        32294.46455740579,
        25925.244598240868,
        173.83251556292385
    ],
    "Tz_R": [
        34011.87477516613,
        26357.502207501133,
        232.81539968310878
    ],
    "VCA_L": [
        38775.974845768775,
        16881.59671225286,
        90.4631495417149
    ],
    "VCA_R": [
        32397.02701092061,
        15241.676177407626,
        346.2215708009058
    ],
    "VCP_L": [
        40730.535858999305,
        19382.360131551133,
        82.61479682359152
    ],
    "VCP_R": [
        34967.63438164623,
        20652.791187310493,
        344.38409717688273
    ],
    "VLL_L": [
        33948.61037135836,
        18973.173230490105,
        136.5485440858408
    ],
    "VLL_R": [
        29866.978875141947,
        21716.46949363213,
        302.14632656440756
    ]
}