{
    "mov_spacing": [
        256.03151157065486,
        256.0,
        2.0
    ],
    "fix_spacing": [
        256.0,
        256.120527306968,
        2.0
    ],
    "box_size": [
        254,
        141,
        243
    ],
    "affine_matrix": [
        [
            1.0260471105575562,
            0.018868453800678253,
            -0.0031241183169186115
        ],
        [
            -0.02871296927332878,
            0.9960673451423645,
            -0.09871416538953781
        ],
        [
            0.11960391700267792,
            0.2632402181625366,
            1.0212301015853882
        ],
        [
            -0.008204092271625996,
            -0.07077445834875107,
            -0.04466656595468521
        ]
    ],
    "affine_matrix_inv": [
        [
            0.9739532470703125,
            -0.018757782876491547,
            0.0011663250625133514
        ],
        [
            0.016353260725736618,
            0.9786254167556763,
            0.09464593976736069
        ],
        [
            -0.11828231811523438,
            -0.2500612437725067,
            0.9546779990196228
        ],
        [
            0.0038645309396088123,
            0.05793841928243637,
            0.04935026913881302
        ]
    ]
}