{
    "10N_L": [
        45099.69452778806,
        15322.254180974289,
        205.68984815988352
    ],
    "10N_R": [
        48125.408161670275,
        15345.706612410206,
        250.67229581844546
    ],
    "12N": [
        47628.31996126502,
        16041.209114309555,
        235.08427120986389
    ],
    "3N_L": [
        36037.08955551854,
        13311.34007012302,
        219.97775252445655
    ],
    "3N_R": [
        35966.408275091926,
        13431.350108750916,
        229.24554430226624
    ],
    "4N_L": [
        37488.48081510716,
        13230.715078585552,
        225.3094368854499
    ],
    "4N_R": [
        37487.13598922716,
        13256.625022474023,
        225.2748803641217
    ],
    "5N_L": [
        37378.21485872877,
        17532.762691046402,
        154.62732787200062
    ],
    "5N_R": [
        39688.13325183246,
        19166.644331252657,
        311.6423173968183
    ],
    "6N_L": [
        40750.76570338231,
        18562.604210552883,
        248.54262777434772
    ],
    "6N_R": [
        40119.365516719874,
        17891.67512176064,
        202.3072272476092
    ],
    "7N_L": [
        42920.146487310136,
        23092.07107747402,
        149.25449447134346
    ],
    "7N_R": [
        33544.413164211015,
        16847.940927590706,
        214.2345406055959
    ],
    "AP": [
        46512.89051347669,
        16010.7857594199,
        225.70778427938734
    ],
    "Amb_L": [
        43041.75340980479,
        19738.460753671377,
        158.96510724159634
    ],
    "Amb_R": [
        44030.330763162805,
        22227.11207409456,
        307.51942115320577
    ],
    "DC_L": [
        39349.62469957675,
        13997.02061896893,
        110.09541973755269
    ],
    "DC_R": [
        46663.898866819654,
        18681.1523317576,
        343.6505682483087
    ],
    "IC": [
        32359.744478434248,
        7167.302311080123,
        238.68338399802965
    ],
    "LC_L": [
        39368.48198495356,
        14427.740617815267,
        171.3215289290541
    ],
    "LC_R": [
        40611.92850005959,
        15117.229475704662,
        266.75783890902943
    ],
    "LRt_L": [
        48911.15899353004,
        22920.841938011123,
        174.5676089693006
    ],
    "LRt_R": [
        47065.907464276635,
        24385.946354097305,
        290.9942495269457
    ],
    "PBG_L": [
        33942.30073225552,
        12658.747027089816,
        130.7848319833576
    ],
    "PBG_R": [
        36946.32084697516,
        15986.10221426205,
        323.24311775987223
    ],
    "Pn_L": [
        35628.79504788356,
        22693.170234097786,
        215.84412099898188
    ],
    "Pn_R": [
        36286.76933466096,
        26396.161141212866,
        287.36319230221335
    ],
    "RtTg": [
        39875.075068807106,
        24138.680783985263,
        219.11412927354903
    ],
    "SNC_L": [
        32602.25457133189,
        18882.413962265004,
        151.82277232526104
    ],
    "SNC_R": [
        35384.52964584391,
        21136.212926270393,
        321.62351801815805
    ],
    "SNR_L": [
        32744.459771489033,
        17983.874080798607,
        167.68492796636062
    ],
    "SNR_R": [
        38327.896949347,
        24152.482298324656,
        317.5723637439981
    ],
    "Sp5C_L": [
        49068.409881144034,
        18604.383694197582,
        312.3068275252777
    ],
    "Sp5C_R": [
        52850.26777522036,
        14186.321187696756,
        290.9325176102132
    ],
    "Sp5I_L": [
        46872.34189113218,
        16468.42150223906,
        149.67582776700107
    ],
    "Sp5I_R": [
        49503.52874603578,
        18260.756330636166,
        326.3784758906305
    ],
    "Tz_L": [
        36069.371650447756,
        25092.266254738,
        186.45240625649052
    ],
    "Tz_R": [
        39787.88239015072,
        25746.67812015533,
        248.3937594334568
    ],
    "VCA_L": [
        38430.39639094084,
        15373.103678873105,
        95.69817288460231
    ],
    "VCA_R": [
        38298.53832395783,
        15637.599455625006,
        366.6421581878146
    ],
    "VCP_L": [
        41037.597576249056,
        17649.836131259442,
        87.39940320066995
    ],
    "VCP_R": [
        42539.03605965392,
        20754.242689808885,
        365.0142288900843
    ],
    "VLL_L": [
        34969.76591516204,
        17982.13627541637,
        145.66998079606435
    ],
    "VLL_R": [
        35954.78999043014,
        21868.352892336665,
        321.68897032206615
    ]
}