{
    "10N_L": [
        47734.567271859014,
        9211.70985917742,
        912.541419578142
    ],
    "10N_R": [
        49745.79880726428,
        7811.959555618981,
        903.590873617989
    ],
    "12N": [
        49715.801574406774,
        8851.213935508995,
        944.1523727161361
    ],
    "3N_L": [
        38502.34112945604,
        9265.046765534073,
        830.9729598056764
    ],
    "3N_R": [
        38286.52833838145,
        9261.333692510361,
        837.9298476675633
    ],
    "4N_L": [
        39753.38983886829,
        8747.047479393692,
        821.5306287496703
    ],
    "4N_R": [
        39758.190644880546,
        8773.326796792273,
        822.9836715626936
    ],
    "5N_L": [
        41878.34552037536,
        14056.33004932318,
        1062.3565144789666
    ],
    "5N_R": [
        41444.82882979437,
        12734.148768327726,
        1145.959860491676
    ],
    "6N_L": [
        43506.80833204538,
        12824.740887729316,
        1108.5258081719028
    ],
    "6N_R": [
        43640.76039378231,
        13015.729492925053,
        1073.1303075181404
    ],
    "7N_L": [
        48366.206414828295,
        18222.425040607162,
        1354.2855763664513
    ],
    "7N_R": [
        37000.2162219644,
        13438.489645047048,
        1037.1645398065475
    ],
    "AP": [
        48834.290890496784,
        9237.798933894719,
        946.2401190305766
    ],
    "Amb_L": [
        47596.87287631682,
        14755.435497449758,
        1166.3959964848086
    ],
    "Amb_R": [
        46255.64324673717,
        14725.774525788616,
        1302.2751668090164
    ],
    "DC_L": [
        43834.70361186331,
        10766.523516322513,
        857.9477470204413
    ],
    "DC_R": [
        47317.17386303161,
        10052.630870675534,
        1095.1045456052202
    ],
    "IC": [
        33399.14469217462,
        3864.0540205947314,
        500.0197553742537
    ],
    "LC_L": [
        42791.19062758448,
        10266.478668339307,
        882.0105427589712
    ],
    "LC_R": [
        42312.84198566184,
        9204.57010024061,
        916.3990610276642
    ],
    "LRt_L": [
        53501.887342368245,
        16193.251348479018,
        1324.3450488628075
    ],
    "LRt_R": [
        49879.41760639444,
        16341.614433744999,
        1412.6215727085596
    ],
    "PBG_L": [
        38068.46866205743,
        10480.077699537036,
        801.5491054845561
    ],
    "PBG_R": [
        37976.9038788997,
        10116.778726143915,
        977.4914453712952
    ],
    "Pn_L": [
        40157.26193826405,
        18635.526831880445,
        1356.84959676295
    ],
    "Pn_R": [
        40207.00743957969,
        21034.56167854962,
        1561.681477838516
    ],
    "RtTg": [
        44400.889081532645,
        18955.061240853902,
        1423.213019252472
    ],
    "SNC_L": [
        37711.22210700608,
        16604.0343362077,
        1154.0592583929129
    ],
    "SNC_R": [
        37612.186964561835,
        15581.716066851182,
        1270.721521080024
    ],
    "SNR_L": [
        37359.066746921104,
        15449.165076367837,
        1103.3548664173873
    ],
    "SNR_R": [
        41093.78270276732,
        17874.813134875494,
        1429.3262529045123
    ],
    "Sp5C_L": [
        50157.18808102358,
        9852.670348788073,
        1082.6057833805123
    ],
    "Sp5C_R": [
        53200.182361179446,
        4901.967042972155,
        822.7279449669375
    ],
    "Sp5I_L": [
        50698.63470585514,
        10738.157835374433,
        970.5418633341255
    ],
    "Sp5I_R": [
        50230.87430584716,
        9196.816784690744,
        1061.9255387903154
    ],
    "Tz_L": [
        41627.02934767641,
        21321.833026142056,
        1489.4487012712002
    ],
    "Tz_R": [
        44104.376048031125,
        20115.691476590404,
        1513.427457142203
    ],
    "VCA_L": [
        43526.71092791459,
        12560.251346645222,
        937.994529371766
    ],
    "VCA_R": [
        38362.57904901657,
        8789.575244262192,
        953.4405206030556
    ],
    "VCP_L": [
        46616.629065763664,
        14274.377573219906,
        1056.3961977188271
    ],
    "VCP_R": [
        43460.62529696875,
        12786.91229188452,
        1225.0541691476726
    ],
    "VLL_L": [
        39870.41306401851,
        15227.270591782813,
        1095.6677909891416
    ],
    "VLL_R": [
        38301.635989795745,
        16158.249423144971,
        1309.7111747341382
    ]
}