{
    "10N_L": [
        44092.09677871834,
        15906.616691463518,
        204.45043853664112
    ],
    "10N_R": [
        45532.11384360806,
        15899.750289982314,
        248.84914087222444
    ],
    "12N": [
        45553.188515059825,
        16592.38075547101,
        233.61201548281218
    ],
    "3N_L": [
        35121.81161136532,
        14016.749204880307,
        215.43139167567855
    ],
    "3N_R": [
        34766.319058452915,
        14136.898289682276,
        224.35282446815893
    ],
    "4N_L": [
        36319.537630365965,
        13921.453951347017,
        221.04602429489077
    ],
    "4N_R": [
        36319.41565977851,
        13947.105656254433,
        221.0112176799547
    ],
    "5N_L": [
        38433.11283026548,
        18175.045164064,
        152.59466328702015
    ],
    "5N_R": [
        35706.50905496722,
        19777.10501309887,
        304.87702048030707
    ],
    "6N_L": [
        38673.942673130376,
        19163.536104079063,
        244.31282715701622
    ],
    "6N_R": [
        39522.232188128706,
        18503.426534771283,
        199.4940010300429
    ],
    "7N_L": [
        43824.1399121381,
        23615.333434069802,
        148.9593668525613
    ],
    "7N_R": [
        32966.526856251556,
        17543.279801380657,
        208.95215308423957
    ],
    "AP": [
        44797.29105973345,
        16573.843812505642,
        224.20344618833684
    ],
    "Amb_L": [
        43627.086952917016,
        20296.071669277087,
        158.50525038704103
    ],
    "Amb_R": [
        39924.59188970973,
        22757.85428186759,
        302.163048556596
    ],
    "DC_L": [
        41667.98202018163,
        14651.701678025362,
        110.36341313018652
    ],
    "DC_R": [
        41263.58192082382,
        19222.55422084252,
        338.02924239062844
    ],
    "IC": [
        31065.905300294897,
        7978.344060179611,
        232.5585204594436
    ],
    "LC_L": [
        39775.27173264482,
        15081.810935888456,
        169.470585327792
    ],
    "LC_R": [
        37966.31980223031,
        15756.88473484928,
        261.9909030494367
    ],
    "LRt_L": [
        48665.28830471006,
        23382.082177777473,
        175.3203217886998
    ],
    "LRt_R": [
        43299.382811359224,
        24859.844443210124,
        287.09184286159643
    ],
    "PBG_L": [
        35935.630228834096,
        13387.911594288576,
        128.66624167164406
    ],
    "PBG_R": [
        32759.11193966252,
        16660.537643994114,
        315.32705340076984
    ],
    "Pn_L": [
        34889.99364394177,
        23304.772941634492,
        210.94380520050981
    ],
    "Pn_R": [
        33284.74006195654,
        26966.674381747463,
        280.06594800356544
    ],
    "RtTg": [
        38783.15155509194,
        24688.976509968703,
        215.40054911440953
    ],
    "SNC_L": [
        34034.334277511356,
        19562.63012055203,
        148.3092117827474
    ],
    "SNC_R": [
        31354.11160536936,
        21773.822650980157,
        313.06371184006025
    ],
    "SNR_L": [
        33670.59706208265,
        18672.98150384212,
        163.70564496796842
    ],
    "SNR_R": [
        34254.87713131291,
        24726.13426249659,
        309.9741308458248
    ],
    "Sp5C_L": [
        44502.31056598199,
        19118.201423199942,
        308.5354226133677
    ],
    "Sp5C_R": [
        48713.94772307522,
        14703.507307428146,
        289.27683661612963
    ],
    "Sp5I_L": [
        47510.044223833946,
        17017.684949993203,
        150.88635972140344
    ],
    "Sp5I_R": [
        44471.18383367679,
        18774.346870192385,
        322.2748746200982
    ],
    "Tz_L": [
        36227.63995151526,
        25672.02757805597,
        182.6112042636055
    ],
    "Tz_R": [
        37791.00350167211,
        26283.08949265896,
        243.58145690557797
    ],
    "VCA_L": [
        41256.71243691996,
        16022.499115564615,
        96.11474211941972
    ],
    "VCA_R": [
        32674.484584383405,
        16303.792623339114,
        357.67707931820104
    ],
    "VCP_L": [
        43972.26779605933,
        18246.38980183283,
        88.84531814625791
    ],
    "VCP_R": [
        36724.100314968025,
        21320.51921998486,
        357.2594979563935
    ],
    "VLL_L": [
        36449.80112743837,
        18645.45903038151,
        143.15926535401465
    ],
    "VLL_R": [
        31889.931713863916,
        22492.084718117145,
        313.2804211499734
    ]
}