{
    "mov_spacing": [
        64.00787789266371,
        64.0,
        1.0
    ],
    "fix_spacing": [
        64.0,
        64.0,
        1.0
    ],
    "box_size": [
        1016,
        563,
        486
    ],
    "affine_matrix": [
        [
            0.9652895331382751,
            -0.001534396898932755,
            0.0407579131424427
        ],
        [
            -0.002599539700895548,
            0.9866040349006653,
            -0.09925229102373123
        ],
        [
            -0.12550754845142365,
            0.25963741540908813,
            0.9904128909111023
        ],
        [
            -0.040783483535051346,
            -0.030947338789701462,
            -0.07046226412057877
        ]
    ],
    "affine_matrix_inv": [
        [
            1.0306395292282104,
            0.012436511926352978,
            -0.041167035698890686
        ],
        [
            0.015447061508893967,
            0.9877206683158875,
            0.09834681451320648
        ],
        [
            0.12655571103096008,
            -0.257355660200119,
            0.9786814451217651
        ],
        [
            0.05142851546406746,
            0.012940667569637299,
            0.07032474875450134
        ]
    ],
    "t": [
        0.05746893957257271,
        0.0013315686956048012,
        0.07515592873096466
    ],
    "phi": [
        0.0029821153730154037,
        0.10473323613405228,
        0.05049416422843933
    ],
    "scale": [
        1.0314362049102783,
        0.9926235675811768,
        1.005336046218872
    ],
    "shear": [
        0.012996647506952286,
        0.010529500432312489,
        0.0739072933793068,
        -0.1546136736869812,
        0.00981528777629137,
        -0.004621736705303192
    ]
}