{
    "mov_spacing": [
        64.00787789266371,
        64.0,
        1.0
    ],
    "fix_spacing": [
        64.0275387263339,
        64.0,
        1.0
    ],
    "box_size": [
        1016,
        563,
        486
    ],
    "affine_matrix": [
        [
            0.9744051098823547,
            -0.09141127020120621,
            -0.05718698725104332
        ],
        [
            0.07331379503011703,
            0.8777409195899963,
            -0.12964212894439697
        ],
        [
            0.289993017911911,
            0.31716498732566833,
            0.975933313369751
        ],
        [
            -0.0198865607380867,
            -0.06681414693593979,
            -0.058260638266801834
        ]
    ],
    "affine_matrix_inv": [
        [
            0.9997481107711792,
            0.0791499987244606,
            0.06909668445587158
        ],
        [
            -0.12154728174209595,
            1.077483892440796,
            0.13600967824459076
        ],
        [
            -0.25756824016571045,
            -0.3736865222454071,
            0.9599272012710571
        ],
        [
            -0.0032456163316965103,
            0.05179397016763687,
            0.06638743728399277
        ]
    ],
    "t": [
        -0.02091936580836773,
        0.03995334729552269,
        0.0719512328505516
    ],
    "phi": [
        0.05670597031712532,
        0.13440708816051483,
        -0.09324915707111359
    ],
    "scale": [
        1.0047049522399902,
        1.0917750597000122,
        1.0208581686019897
    ],
    "shear": [
        -0.047136783599853516,
        0.017282305285334587,
        -0.18686199188232422,
        -0.20490287244319916,
        -0.02677862159907818,
        -0.0052080643363296986
    ]
}