{
    "10N_L": [
        47710.73891813554,
        9259.02323653446,
        941.175201722139
    ],
    "10N_R": [
        49726.87520229028,
        7858.679684182105,
        916.4611738760659
    ],
    "12N": [
        49693.064843860135,
        8900.244294823084,
        968.1451858904907
    ],
    "3N_L": [
        38479.79686294596,
        9299.816648058426,
        863.3686327056951
    ],
    "3N_R": [
        38264.059945390094,
        9295.738866245747,
        870.3273832523066
    ],
    "4N_L": [
        39732.54669935252,
        8782.36430368043,
        847.9567046300642
    ],
    "4N_R": [
        39737.251342892225,
        8808.70715684233,
        849.6877021095916
    ],
    "5N_L": [
        41837.69642801716,
        14106.488097841791,
        1144.7697811647358
    ],
    "5N_R": [
        41409.53209185107,
        12779.792603572401,
        1213.87689786976
    ],
    "6N_L": [
        43470.666156003696,
        12873.815254122232,
        1176.9163560638144
    ],
    "6N_R": [
        43603.76052393092,
        13065.713233638135,
        1143.6775889058895
    ],
    "7N_L": [
        48309.424017743244,
        18290.44673073504,
        1478.7483036601254
    ],
    "7N_R": [
        36962.750993601505,
        13480.270261957567,
        1114.5000655480667
    ],
    "AP": [
        48810.25967037852,
        9286.528786452565,
        974.6898509833302
    ],
    "Amb_L": [
        47552.81421936894,
        14814.854962245252,
        1254.2172161466965
    ],
    "Amb_R": [
        46212.36374244421,
        14782.294391826304,
        1389.6986774225097
    ],
    "DC_L": [
        43805.54338730707,
        10812.539725510826,
        904.8474961855507
    ],
    "DC_R": [
        47290.79080814117,
        10100.25433688561,
        1132.3148974548744
    ],
    "IC": [
        33397.0391165506,
        3880.085925588266,
        476.6943761576125
    ],
    "LC_L": [
        42764.19691619658,
        10309.578333604151,
        923.7304135863315
    ],
    "LC_R": [
        42290.071543550504,
        9244.075719425915,
        946.6364845817827
    ],
    "LRt_L": [
        53451.74616850207,
        16263.705095329937,
        1425.3237465735228
    ],
    "LRt_R": [
        49829.66378747698,
        16406.667825808967,
        1516.0184404618897
    ],
    "PBG_L": [
        38041.306847863874,
        10517.488746687133,
        847.3535119040693
    ],
    "PBG_R": [
        37951.67424273647,
        10151.971080516707,
        1018.7460902579965
    ],
    "Pn_L": [
        40100.46316167049,
        18692.818672027995,
        1488.345722821304
    ],
    "Pn_R": [
        40141.72324720633,
        21096.617051821202,
        1718.4102100752057
    ],
    "RtTg": [
        44342.28295674847,
        19018.795039150893,
        1556.602715623931
    ],
    "SNC_L": [
        37661.97107165283,
        16654.045165544438,
        1265.047114531102
    ],
    "SNC_R": [
        37567.188712151576,
        15628.228565738116,
        1370.2372235759672
    ],
    "SNR_L": [
        37314.1083179498,
        15496.094095776942,
        1202.123913012399
    ],
    "SNR_R": [
        41039.91484672588,
        17931.04385950517,
        1552.0223159336847
    ],
    "Sp5C_L": [
        50130.99166017727,
        9903.939261826863,
        1116.8070891505272
    ],
    "Sp5C_R": [
        53191.40210812078,
        4946.827196199829,
        803.2812902858047
    ],
    "Sp5I_L": [
        50668.63545592299,
        10793.182672433386,
        1014.5775691294473
    ],
    "Sp5I_R": [
        50207.08898554886,
        9246.67344995001,
        1089.0725835569178
    ],
    "Tz_L": [
        41560.16809466805,
        21387.127571717214,
        1649.109747347953
    ],
    "Tz_R": [
        44041.697920611994,
        20181.329838078032,
        1659.1570718070159
    ],
    "VCA_L": [
        43491.048124997746,
        12609.821255333738,
        1004.1349538677525
    ],
    "VCA_R": [
        38342.23841734205,
        8822.13008018375,
        980.2810855616376
    ],
    "VCP_L": [
        46574.24400736454,
        14331.910988168627,
        1139.7125090837762
    ],
    "VCP_R": [
        43424.99080879571,
        12835.04973778611,
        1292.6242004258047
    ],
    "VLL_L": [
        39825.80093276514,
        15277.287021008133,
        1191.2753259666838
    ],
    "VLL_R": [
        38254.43996565992,
        16206.94498011563,
        1415.1162681812168
    ]
}