{
    "mov_spacing": [
        64.00787789266371,
        64.0,
        1.0
    ],
    "fix_spacing": [
        64.01896858328394,
        64.0,
        1.0
    ],
    "box_size": [
        1016,
        563,
        486
    ],
    "affine_matrix": [
        [
            0.8621004819869995,
            0.0599973089993,
            0.0045540607534348965
        ],
        [
            -0.056500259786844254,
            0.869647204875946,
            -0.1292218565940857
        ],
        [
            -0.0043855952098965645,
            0.4170454740524292,
            0.9371936321258545
        ],
        [
            -0.11565520614385605,
            -0.09065036475658417,
            -0.10431615263223648
        ]
    ],
    "affine_matrix_inv": [
        [
            1.1551448106765747,
            -0.07222632318735123,
            -0.015571828931570053
        ],
        [
            0.07114758342504501,
            1.0741254091262817,
            0.14775651693344116
        ],
        [
            -0.026254745200276375,
            -0.4783172607421875,
            1.0011917352676392
        ],
        [
            0.137309268116951,
            0.03912029042840004,
            0.11603368818759918
        ]
    ],
    "t": [
        0.13936308026313782,
        0.02348410151898861,
        0.12444691359996796
    ],
    "phi": [
        -0.014298567548394203,
        0.19272121787071228,
        -0.004372511059045792
    ],
    "scale": [
        1.1559802293777466,
        1.083383321762085,
        1.0744050741195679
    ],
    "shear": [
        0.04881390556693077,
        -0.054110076278448105,
        -0.013006407767534256,
        -0.2566121518611908,
        -0.008912784978747368,
        -0.05688845366239548
    ]
}