{
    "10N_L": [
        42691.517102838225,
        16325.652321345988,
        197.55345550615658
    ],
    "10N_R": [
        44264.70462946791,
        16173.412484907076,
        240.1216040388722
    ],
    "12N": [
        44099.24772368901,
        16952.41933495999,
        225.307819006468
    ],
    "3N_L": [
        34396.75196263797,
        13784.987361106861,
        209.63746636443014
    ],
    "3N_R": [
        34067.135819543095,
        13834.496517983445,
        218.24747680909036
    ],
    "4N_L": [
        35595.27677571118,
        13736.974178328388,
        214.91208452576583
    ],
    "4N_R": [
        35590.407670543726,
        13762.915509233397,
        214.8733810570106
    ],
    "5N_L": [
        36599.966566823656,
        18514.848083061515,
        147.87692437970858
    ],
    "5N_R": [
        34287.10640006934,
        19126.58321366693,
        294.5145224529354
    ],
    "6N_L": [
        37024.537570562505,
        19029.478746502937,
        235.95377335691953
    ],
    "6N_R": [
        37783.46890389352,
        18663.005828069196,
        192.8287985962049
    ],
    "7N_L": [
        40823.2012663334,
        24348.787943334275,
        142.59482073273944
    ],
    "7N_R": [
        31651.5407787678,
        17221.333873976528,
        202.95435664661602
    ],
    "AP": [
        43333.37613305458,
        16935.27963810584,
        216.3478913151683
    ],
    "Amb_L": [
        41267.63246024306,
        20951.059220417224,
        152.48422599206066
    ],
    "Amb_R": [
        37821.34496218225,
        22409.154033305782,
        290.766156312923
    ],
    "DC_L": [
        40192.987952059666,
        15414.172297635901,
        107.52439633748024
    ],
    "DC_R": [
        39896.684335269885,
        18752.688833346787,
        325.8479186907247
    ],
    "IC": [
        31627.067455874447,
        7364.583646540484,
        227.8632673725431
    ],
    "LC_L": [
        38522.455001199385,
        15404.789447895088,
        164.58441790317772
    ],
    "LC_R": [
        37023.44468041582,
        15466.989460681563,
        253.75491577882963
    ],
    "LRt_L": [
        45655.03173101901,
        24287.55993270342,
        167.41427018756872
    ],
    "LRt_R": [
        40647.91469693394,
        24820.857210900027,
        275.4044232661472
    ],
    "PBG_L": [
        34947.83731360521,
        13673.500091216758,
        126.12386750500684
    ],
    "PBG_R": [
        32037.805508134355,
        15748.62781631774,
        305.5791047951191
    ],
    "Pn_L": [
        32484.853400317323,
        23121.982311022923,
        203.46073729395187
    ],
    "Pn_R": [
        30551.828423092284,
        26323.056489625233,
        269.4712531467491
    ],
    "RtTg": [
        36020.58237792805,
        24741.4078827749,
        206.9813499312579
    ],
    "SNC_L": [
        32077.505913149318,
        19645.30069680677,
        144.02222547242093
    ],
    "SNC_R": [
        29750.238132525577,
        20804.65718894503,
        302.53874346722597
    ],
    "SNR_L": [
        31947.49534893529,
        18645.27987027227,
        159.07246391757653
    ],
    "SNR_R": [
        32013.581688417977,
        23974.992042472208,
        298.6001264299227
    ],
    "Sp5C_L": [
        42930.14653703817,
        19017.366538111848,
        297.0647743702278
    ],
    "Sp5C_R": [
        47720.893601888005,
        14961.380051687487,
        278.88881494714695
    ],
    "Sp5I_L": [
        45582.99062162408,
        17952.214973687252,
        145.3258483788712
    ],
    "Sp5I_R": [
        43017.15507422083,
        18596.042545760938,
        310.36704899841675
    ],
    "Tz_L": [
        33239.429092595965,
        25738.95645943848,
        175.53299522107497
    ],
    "Tz_R": [
        34887.59546135584,
        26126.10885653826,
        233.91557891972607
    ],
    "VCA_L": [
        39491.31821412869,
        16840.811242393847,
        93.57902317472552
    ],
    "VCA_R": [
        32190.554857871695,
        15156.849848666443,
        346.43745343811537
    ],
    "VCP_L": [
        41689.580230537635,
        19290.050232765745,
        85.78711472983427
    ],
    "VCP_R": [
        35205.07504604084,
        20460.82020401737,
        344.5080364391759
    ],
    "VLL_L": [
        34558.58258478955,
        18909.054080043974,
        138.94624203314805
    ],
    "VLL_R": [
        30140.402796676575,
        21559.695441668468,
        302.53424600886206
    ]
}