{
    "mov_spacing": [
        64.00787789266371,
        64.0,
        1.0
    ],
    "fix_spacing": [
        64.0,
        64.02695871946082,
        1.0
    ],
    "box_size": [
        1016,
        594,
        486
    ],
    "affine_matrix": [
        [
            0.9352896213531494,
            0.10310134291648865,
            0.023028062656521797
        ],
        [
            -0.10948850959539413,
            0.9973233938217163,
            -0.11644120514392853
        ],
        [
            -0.11748712509870529,
            0.16494472324848175,
            0.9517900347709656
        ],
        [
            -0.08259858936071396,
            -0.05769098550081253,
            -0.10281932353973389
        ]
    ],
    "affine_matrix_inv": [
        [
            1.0524133443832397,
            -0.10251110047101974,
            -0.03800371289253235
        ],
        [
            0.12811151146888733,
            0.9703196883201599,
            0.11560851335525513
        ],
        [
            0.1077062115073204,
            -0.18080967664718628,
            1.025925874710083
        ],
        [
            0.10539301484823227,
            0.028920695185661316,
            0.10901551693677902
        ]
    ],
    "t": [
        0.12315798550844193,
        0.018712271004915237,
        0.12249480187892914
    ],
    "phi": [
        -0.04606947302818298,
        0.09107154607772827,
        0.038818977773189545
    ],
    "scale": [
        1.0566970109939575,
        0.9819489121437073,
        1.0413599014282227
    ],
    "shear": [
        0.07451507449150085,
        -0.05442061275243759,
        0.0719374418258667,
        -0.08278157562017441,
        0.007587073370814323,
        0.02839779295027256
    ]
}