{
    "10N_L": [
        44990.428790044636,
        15521.463520605135,
        206.89658601836615
    ],
    "10N_R": [
        48009.97936935163,
        15513.469975778045,
        252.37190355257871
    ],
    "12N": [
        47499.6262925437,
        16224.44961411205,
        236.79692702780528
    ],
    "3N_L": [
        35922.7158766604,
        13362.866095745965,
        219.2412156520335
    ],
    "3N_R": [
        35843.84671290987,
        13465.574346701356,
        228.4945498974149
    ],
    "4N_L": [
        37381.694827193176,
        13295.058703278357,
        224.82524968458495
    ],
    "4N_R": [
        37379.6788174362,
        13320.876217066956,
        224.79348657128762
    ],
    "5N_L": [
        37193.11872877511,
        17693.11161879143,
        154.7340264599725
    ],
    "5N_R": [
        39394.47589701301,
        19087.635029263343,
        312.11135390243373
    ],
    "6N_L": [
        40510.51585901203,
        18608.89560318206,
        249.24296020522797
    ],
    "6N_R": [
        39916.34500027034,
        18010.128283515383,
        202.8880664258068
    ],
    "7N_L": [
        42622.70450835104,
        23315.16652744828,
        151.04326138662853
    ],
    "7N_R": [
        33325.993890208265,
        16854.51389214817,
        213.45085092088104
    ],
    "AP": [
        46383.43511896171,
        16193.55817568644,
        227.2244685863619
    ],
    "Amb_L": [
        42828.269853587226,
        19963.899534205597,
        160.3739920892979
    ],
    "Amb_R": [
        43682.647921462085,
        22203.665860881585,
        309.1568878230259
    ],
    "DC_L": [
        39290.78723004867,
        14279.536794632686,
        110.23434628531759
    ],
    "DC_R": [
        46406.09114854174,
        18653.46311140791,
        345.31074534574867
    ],
    "IC": [
        32376.865313407223,
        7164.0306620664305,
        236.52290782348945
    ],
    "LC_L": [
        39267.792620046544,
        14604.953379879553,
        171.4136821724723
    ],
    "LC_R": [
        40452.332876170425,
        15148.121799120348,
        267.00531237453737
    ],
    "LRt_L": [
        48639.13709452889,
        23190.446878363193,
        177.41125214249
    ],
    "LRt_R": [
        46686.775864433555,
        24424.28757370132,
        293.4730480434193
    ],
    "PBG_L": [
        33877.96662777311,
        12833.301284880703,
        129.7284580072689
    ],
    "PBG_R": [
        36715.07474488381,
        15863.120406342528,
        322.8157745110921
    ],
    "Pn_L": [
        35267.63788592709,
        22698.237063633605,
        216.1200330615406
    ],
    "Pn_R": [
        35796.194398104744,
        26271.432515014214,
        288.0718789783278
    ],
    "RtTg": [
        39498.09777181124,
        24193.571670050384,
        220.34232688560797
    ],
    "SNC_L": [
        32356.316780219175,
        18970.210586926605,
        151.20005302536816
    ],
    "SNC_R": [
        35009.98870342311,
        20966.893833009373,
        321.5017283472836
    ],
    "SNR_L": [
        32514.99613885571,
        18051.520569054686,
        166.95919840974042
    ],
    "SNR_R": [
        37892.61406221162,
        24018.189233256067,
        318.3532316873875
    ],
    "Sp5C_L": [
        48841.78448774301,
        18665.49666871368,
        314.45720712667173
    ],
    "Sp5C_R": [
        52771.65077087479,
        14361.66239867326,
        293.31281809999757
    ],
    "Sp5I_L": [
        46770.92140728052,
        16782.594950327606,
        151.43635278284066
    ],
    "Sp5I_R": [
        49281.33202235028,
        18306.260444880194,
        328.54731212196043
    ],
    "Tz_L": [
        35662.34182100811,
        25141.348158159417,
        187.13498815259098
    ],
    "Tz_R": [
        39353.50494933275,
        25742.70524590016,
        249.74332490620054
    ],
    "VCA_L": [
        38337.44529487433,
        15659.417661208818,
        95.84804486526006
    ],
    "VCA_R": [
        38062.31486777233,
        15463.033886232999,
        366.3556610116382
    ],
    "VCP_L": [
        40903.58115027921,
        17977.12757539432,
        88.31097853693122
    ],
    "VCP_R": [
        42192.930316634105,
        20619.133900367353,
        366.11022871324684
    ],
    "VLL_L": [
        34763.83988706547,
        18119.80624249592,
        145.3944957667731
    ],
    "VLL_R": [
        35564.171991173476,
        21703.63698742679,
        321.7577138172624
    ]
}