{
    "mov_spacing": [
        64.00787789266371,
        64.0,
        1.0
    ],
    "fix_spacing": [
        64.0,
        64.030131826742,
        1.0
    ],
    "box_size": [
        1016,
        563,
        486
    ],
    "affine_matrix": [
        [
            1.0315356254577637,
            0.04618480056524277,
            0.02261355146765709
        ],
        [
            -0.042966894805431366,
            0.9925140142440796,
            -0.09057363867759705
        ],
        [
            0.11261270195245743,
            0.24230556190013885,
            1.024799108505249
        ],
        [
            -0.015289503149688244,
            -0.07324452698230743,
            -0.048879846930503845
        ]
    ],
    "affine_matrix_inv": [
        [
            0.9705154299736023,
            -0.039089422672986984,
            -0.024870505556464195
        ],
        [
            0.03160039708018303,
            0.9849891662597656,
            0.08635785430669785
        ],
        [
            -0.1141192615032196,
            -0.22859737277030945,
            0.9581153392791748
        ],
        [
            0.011575121432542801,
            0.06037360057234764,
            0.05277751386165619
        ]
    ],
    "t": [
        0.008689570240676403,
        0.05009867995977402,
        0.05598265305161476
    ],
    "phi": [
        -0.024539679288864136,
        0.10697048157453537,
        -0.01349634863436222
    ],
    "scale": [
        0.970758318901062,
        0.9890437722206116,
        0.9787059426307678
    ],
    "shear": [
        0.00884544849395752,
        -0.019444182515144348,
        -0.09841297566890717,
        -0.12897787988185883,
        -0.036914583295583725,
        -0.01988159492611885
    ]
}