{
    "mov_spacing": [
        256.03151157065486,
        256.0,
        2.0
    ],
    "fix_spacing": [
        256.0,
        256.1078348778433,
        2.0
    ],
    "box_size": [
        254,
        149,
        243
    ],
    "affine_matrix": [
        [
            0.9060009121894836,
            0.11513984203338623,
            0.019874639809131622
        ],
        [
            -0.14829657971858978,
            1.0119493007659912,
            -0.11467986553907394
        ],
        [
            -0.10363540053367615,
            0.17156584560871124,
            0.963091254234314
        ],
        [
            -0.08996739983558655,
            -0.05462734401226044,
            -0.10911327600479126
        ]
    ],
    "affine_matrix_inv": [
        [
            1.0804920196533203,
            -0.11680039763450623,
            -0.03620533645153046
        ],
        [
            0.16812334954738617,
            0.9504629969596863,
            0.10970671474933624
        ],
        [
            0.08631891757249832,
            -0.1818847805261612,
            1.0148839950561523
        ],
        [
            0.11581172794103622,
            0.02156699448823929,
            0.11347301304340363
        ]
    ]
}