{
    "10N_L": [
        43264.89309272513,
        14615.715489877619,
        198.79046190661697
    ],
    "10N_R": [
        47001.71191147455,
        14772.780771628411,
        241.27582053097208
    ],
    "12N": [
        46375.82711589646,
        15310.364545914656,
        226.00059487217837
    ],
    "3N_L": [
        34526.40239903352,
        13459.319666430867,
        217.1589095655645
    ],
    "3N_R": [
        34661.96241734642,
        13634.290274524365,
        226.12733748778567
    ],
    "4N_L": [
        35988.370058844404,
        13340.278908255925,
        221.8089356991441
    ],
    "4N_R": [
        35991.81142747457,
        13363.100172165265,
        221.76347172430667
    ],
    "5N_L": [
        35421.87984210748,
        16671.6226825707,
        151.1588718057474
    ],
    "5N_R": [
        40962.028254255754,
        19077.382596133004,
        301.9272946017084
    ],
    "6N_L": [
        40634.696236638105,
        18041.19911434756,
        240.53706975184718
    ],
    "6N_R": [
        39010.181817222474,
        17161.577752999132,
        196.21315512592088
    ],
    "7N_L": [
        41729.002449179934,
        21242.663710512155,
        141.11496016247094
    ],
    "7N_R": [
        32786.50967185223,
        16701.747102537745,
        210.8562755684682
    ],
    "AP": [
        45131.883074605896,
        15283.219181786912,
        217.34571377385666
    ],
    "Amb_L": [
        41334.241039730856,
        18328.284388469307,
        152.10559772589767
    ],
    "Amb_R": [
        45636.49709971347,
        21510.45807538639,
        294.76370854250206
    ],
    "DC_L": [
        35703.733824534334,
        13110.985000677028,
        108.84992599260791
    ],
    "DC_R": [
        48090.65093299621,
        18462.6754649965,
        330.52087798135506
    ],
    "IC": [
        30121.853159597693,
        8353.600260977972,
        239.70244128416596
    ],
    "LC_L": [
        36984.840408241165,
        13917.390758643647,
        168.08287460261906
    ],
    "LC_R": [
        40136.9258424222,
        15119.693263044352,
        259.9306869158796
    ],
    "LRt_L": [
        47860.58133103032,
        20917.57733109702,
        163.44075829408243
    ],
    "LRt_R": [
        48646.81191636719,
        23133.709802794307,
        276.49999703239206
    ],
    "PBG_L": [
        30694.26493335587,
        12382.735625852682,
        131.68702285978594
    ],
    "PBG_R": [
        37923.7879075379,
        16496.50499424518,
        315.7856516237667
    ],
    "Pn_L": [
        36007.7396262089,
        21776.398067792597,
        208.80163664925908
    ],
    "Pn_R": [
        38771.68520117044,
        25519.703809978342,
        276.208943564981
    ],
    "RtTg": [
        40397.684854826315,
        22833.910203448948,
        209.6286015444406
    ],
    "SNC_L": [
        31118.830395414418,
        18127.615042403857,
        149.64864536723235
    ],
    "SNC_R": [
        37480.785557683885,
        21144.583464070358,
        312.3497508399639
    ],
    "SNR_L": [
        31371.248354360734,
        17432.51371719671,
        165.42573844111254
    ],
    "SNR_R": [
        40820.812072437395,
        23620.461024840075,
        305.8219863756229
    ],
    "Sp5C_L": [
        49754.227617599376,
        18036.671716721758,
        299.18801864494003
    ],
    "Sp5C_R": [
        52013.882484843416,
        13748.806059329425,
        279.0819271313962
    ],
    "Sp5I_L": [
        44110.14717177626,
        15139.890958604246,
        143.16339449066624
    ],
    "Sp5I_R": [
        50365.32441215868,
        17804.28756336931,
        312.84618949217196
    ],
    "Tz_L": [
        36360.18376755839,
        23674.574021258188,
        178.94089112891606
    ],
    "Tz_R": [
        41210.171791325505,
        24468.795502907196,
        237.3196416085441
    ],
    "VCA_L": [
        34841.62189591202,
        14285.13967962397,
        94.56868745330044
    ],
    "VCA_R": [
        39965.89399291288,
        16410.144150697415,
        357.5640879961854
    ],
    "VCP_L": [
        37627.85834331502,
        16095.095073085724,
        84.40263724628754
    ],
    "VCP_R": [
        45018.63675763817,
        20690.381740094585,
        351.8757275982024
    ],
    "VLL_L": [
        33059.293126305194,
        17148.329943867233,
        143.18440226751164
    ],
    "VLL_R": [
        38174.874863791796,
        21761.24320310934,
        311.83975009845824
    ]
}